<?xml version="1.0" encoding="UTF-8"?>
<project-private xmlns="http://www.netbeans.org/ns/project-private/1">
    <editor-bookmarks xmlns="http://www.netbeans.org/ns/editor-bookmarks/2" lastBookmarkId="0"/>
    <open-files xmlns="http://www.netbeans.org/ns/projectui-open-files/2">
        <group>
            <file>file:/C:/Users/rudso/Downloads/AppLavaRapido/LavaRapido/SpeedClean/src/Views/TelaCliente.java</file>
            <file>file:/C:/Users/rudso/Downloads/AppLavaRapido/LavaRapido/SpeedClean/src/Views/TelaPrincipal.java</file>
            <file>file:/C:/Users/rudso/Downloads/AppLavaRapido/LavaRapido/SpeedClean/src/Views/TelaServico.java</file>
            <file>file:/C:/Users/rudso/Downloads/AppLavaRapido/LavaRapido/SpeedClean/src/Views/imgFundo.jpg</file>
            <file>file:/C:/Users/rudso/Downloads/AppLavaRapido/LavaRapido/SpeedClean/src/Views/TelaLogin.java</file>
            <file>file:/C:/Users/rudso/Downloads/AppLavaRapido/LavaRapido/SpeedClean/src/Views/TelaPedidoServicoControle.java</file>
            <file>file:/C:/Users/rudso/Downloads/AppLavaRapido/LavaRapido/SpeedClean/src/Views/TelaPedidoServico.java</file>
            <file>file:/C:/Users/rudso/Downloads/AppLavaRapido/LavaRapido/SpeedClean/src/telaInicial/testeTelaInicio.java</file>
            <file>file:/C:/Users/rudso/Downloads/AppLavaRapido/LavaRapido/SpeedClean/src/Views/fundo.jpg</file>
        </group>
    </open-files>
</project-private>
